"9582","はしす","とょて","のにが","こかま","なたで","るうっ","んく","き、"
"9582","はしす","とょて","のにが","こかま","なたで","るうっ","んく","き、"
"9590","はしす","とょて","のにが","こかま","なたで","うく","んるっ","き、"
"9590","はしす","とょて","のにが","こかま","なたで","うく","んるっ","き、"
"9615","こしす","とょて","のにが","かはま","なたで","るうっ","んく","き、"
"9615","こしす","とょて","のにが","かはま","なたで","るうっ","んく","き、"
"9623","こしす","とょて","のにが","かはま","なたで","うく","んるっ","き、"
"9623","こしす","とょて","のにが","かはま","なたで","うく","んるっ","き、"
"9668","こし","とょて","のにが","かはま","なたで","るうっ","んく","き、す"
"9668","こし","とょて","のにが","かはま","なたで","るうっ","んく","き、す"
"9676","こし","とょて","のにが","かはま","なたで","うく","んるっ","き、す"
"9676","こし","とょて","のにが","かはま","なたで","うく","んるっ","き、す"
"9696","はし","とょて","のにが","こかま","なたで","るうっ","んく","き、す"
"9696","はし","とょて","のにが","こかま","なたで","るうっ","んく","き、す"
"9704","はし","とょて","のにが","こかま","なたで","うく","んるっ","き、す"
"9704","はし","とょて","のにが","こかま","なたで","うく","んるっ","き、す"
"9707","こしす","とてま","のにが","かょは","なたで","るうっ","んく","き、"
"9707","こしす","とてま","のにが","かょは","なたで","るうっ","んく","き、"
"9715","こしす","とてま","のにが","かょは","なたで","うく","んるっ","き、"
"9715","こしす","とてま","のにが","かょは","なたで","うく","んるっ","き、"
"9760","こし","とてま","のにが","かょは","なたで","るうっ","んく","き、す"
"9760","こし","とてま","のにが","かょは","なたで","るうっ","んく","き、す"
"9768","こし","とてま","のにが","かょは","なたで","うく","んるっ","き、す"
"9768","こし","とてま","のにが","かょは","なたで","うく","んるっ","き、す"
"9827","はしす","とてま","のにが","こかょ","なたで","るうっ","んく","き、"
"9827","はしす","とてま","のにが","こかょ","なたで","るうっ","んく","き、"
"9835","はしす","とてま","のにが","こかょ","なたで","うく","んるっ","き、"
"9835","はしす","とてま","のにが","こかょ","なたで","うく","んるっ","き、"
"9851","こしが","とょて","のに","かはま","なたで","るうっ","んく","き、す"
"9851","こしが","とょて","のに","かはま","なたで","るうっ","んく","き、す"
"9859","こしが","とょて","のに","かはま","なたで","うく","んるっ","き、す"
"9859","こしが","とょて","のに","かはま","なたで","うく","んるっ","き、す"
"9874","こしす","とょて","のにが","かは","なたで","くうま","んるっ","き、"
"9874","こしす","とょて","のにが","かは","なたで","くうま","んるっ","き、"
"9876","はしが","とょて","のに","こかま","なたで","るうっ","んく","き、す"
"9876","はしが","とょて","のに","こかま","なたで","るうっ","んく","き、す"
"9884","はしが","とょて","のに","こかま","なたで","うく","んるっ","き、す"
"9884","はしが","とょて","のに","こかま","なたで","うく","んるっ","き、す"
"9927","こし","とょて","のにが","かは","なたで","くうま","んるっ","き、す"
"9927","こし","とょて","のにが","かは","なたで","くうま","んるっ","き、す"
"9941","はし","とてま","のにが","こかょ","なたで","るうっ","んく","き、す"
"9941","はし","とてま","のにが","こかょ","なたで","るうっ","んく","き、す"
"9943","こしが","とてま","のに","かょは","なたで","るうっ","んく","き、す"
"9943","こしが","とてま","のに","かょは","なたで","るうっ","んく","き、す"
"9946","はしす","とょて","のにが","こか","なたで","くうま","んるっ","き、"
"9946","はしす","とょて","のにが","こか","なたで","くうま","んるっ","き、"
"9949","はし","とてま","のにが","こかょ","なたで","うく","んるっ","き、す"
"9949","はし","とてま","のにが","こかょ","なたで","うく","んるっ","き、す"
"9951","こしす","とてま","ょのに","かはが","なたで","るうっ","んく","き、"
"9951","こしす","とてま","ょのに","かはが","なたで","るうっ","んく","き、"
"9951","こしが","とてま","のに","かょは","なたで","うく","んるっ","き、す"
"9951","こしが","とてま","のに","かょは","なたで","うく","んるっ","き、す"
"9959","こしす","とてま","ょのに","かはが","なたで","うく","んるっ","き、"
"9959","こしす","とてま","ょのに","かはが","なたで","うく","んるっ","き、"
"10002","こしが","とてま","ょのに","かは","なたで","るうっ","んく","き、す"
"10002","こしが","とてま","ょのに","かは","なたで","るうっ","んく","き、す"
"10004","こし","とてま","ょのに","かはが","なたで","るうっ","んく","き、す"
"10004","こし","とてま","ょのに","かはが","なたで","るうっ","んく","き、す"
"10009","こしす","とて","のにが","かょは","なたで","くうま","んるっ","き、"
"10009","こしす","とて","のにが","かょは","なたで","くうま","んるっ","き、"
"10010","こしが","とてま","ょのに","かは","なたで","うく","んるっ","き、す"
"10010","こしが","とてま","ょのに","かは","なたで","うく","んるっ","き、す"
"10012","こし","とてま","ょのに","かはが","なたで","うく","んるっ","き、す"
"10012","こし","とてま","ょのに","かはが","なたで","うく","んるっ","き、す"
"10026","はしす","とてま","ょのに","こかが","なたで","るうっ","んく","き、"
"10026","はしす","とてま","ょのに","こかが","なたで","るうっ","んく","き、"
"10031","こしす","とょて","のにが","かは","なたで","るうっ","くんま","き、"
"10031","こしす","とょて","のにが","かは","なたで","るうっ","くんま","き、"
"10034","はしす","とてま","ょのに","こかが","なたで","うく","んるっ","き、"
"10034","はしす","とてま","ょのに","こかが","なたで","うく","んるっ","き、"
"10045","こしが","とて","ょのに","かはま","なたで","るうっ","んく","き、す"
"10045","こしが","とて","ょのに","かはま","なたで","るうっ","んく","き、す"
"10053","こし","とてで","のにが","かき","はょた","くうま","んるっ","な、す"
"10053","こし","とてで","のにが","かき","はょた","くうま","んるっ","な、す"
"10053","こしが","とて","ょのに","かはま","なたで","うく","んるっ","き、す"
"10053","こしが","とて","ょのに","かはま","なたで","うく","んるっ","き、す"
"10059","こしす","とょて","のに","かはが","なたで","くうま","んるっ","き、"
"10059","こしす","とょて","のに","かはが","なたで","くうま","んるっ","き、"
"10060","はし","とょて","のにが","こか","なたで","くうま","んるっ","き、す"
"10060","はし","とょて","のにが","こか","なたで","くうま","んるっ","き、す"
"10061","はしす","とてま","のにが","かき","こたで","るうっ","んく","なょ、"
"10061","はしす","とてま","のにが","かき","こたで","るうっ","んく","なょ、"
"10062","こし","とて","のにが","かょは","なたで","くうま","んるっ","き、す"
"10062","こし","とて","のにが","かょは","なたで","くうま","んるっ","き、す"
"10063","はしす","とてで","のにが","こかま","なょた","るうっ","んく","き、"
"10063","はしす","とてで","のにが","こかま","なょた","るうっ","んく","き、"
"10065","きし","とてで","のにが","こかま","はょた","るうっ","んく","な、す"
"10065","きし","とてで","のにが","こかま","はょた","るうっ","んく","な、す"
"10069","はしす","とてま","のにが","かき","こたで","うく","んるっ","なょ、"
"10069","はしす","とてま","のにが","かき","こたで","うく","んるっ","なょ、"
"10070","はしが","とて","ょのに","こかま","なたで","るうっ","んく","き、す"
"10070","はしが","とて","ょのに","こかま","なたで","るうっ","んく","き、す"
"10071","はしす","とてで","のにが","こかま","なょた","うく","んるっ","き、"
"10071","はしす","とてで","のにが","こかま","なょた","うく","んるっ","き、"
"10073","きし","とてで","のにが","こかま","はょた","うく","んるっ","な、す"
"10073","きし","とてで","のにが","こかま","はょた","うく","んるっ","な、す"
"10077","こし","とてで","のにが","かきま","はょた","るうっ","んく","な、す"
"10077","こし","とてで","のにが","かきま","はょた","るうっ","んく","な、す"
"10078","はしが","とて","ょのに","こかま","なたで","うく","んるっ","き、す"
"10078","はしが","とて","ょのに","こかま","なたで","うく","んるっ","き、す"
"9779","こしす","とてま","のにっ","はかが","たなで","るう","ょんく","き、"
"9787","こしす","とてま","のにっ","はかが","たなで","ょうく","るん","き、"
"9830","こしが","とてま","のにっ","はか","たなで","るう","ょんく","き、す"
"9832","こし","とてま","のにっ","はかが","たなで","るう","ょんく","き、す"
"9838","こしが","とてま","のにっ","はか","たなで","ょうく","るん","き、す"
"9840","こし","とてま","のにっ","はかが","たなで","ょうく","るん","き、す"
"9854","はしす","とてま","のにっ","こかが","たなで","るう","ょんく","き、"
"9862","はしす","とてま","のにっ","こかが","たなで","ょうく","るん","き、"
"9873","こしが","とて","のにっ","はかま","たなで","るう","ょんく","き、す"
"9881","こしが","とて","のにっ","はかま","たなで","ょうく","るん","き、す"
"9898","はしが","とて","のにっ","こかま","たなで","るう","ょんく","き、す"
"9906","はしが","とて","のにっ","こかま","たなで","ょうく","るん","き、す"
"9960","はしが","とてま","のにっ","こか","たなで","るう","ょんく","き、す"
"9968","はしが","とてま","のにっ","こか","たなで","ょうく","るん","き、す"
"9968","はし","とてま","のにっ","こかが","たなで","るう","ょんく","き、す"
"9976","はし","とてま","のにっ","こかが","たなで","ょうく","るん","き、す"
"9987","こしが","とょて","のにっ","はかま","たなで","るう","んく","き、す"
"9995","こしが","とょて","のにっ","はかま","たなで","うく","るん","き、す"
"10012","はしが","とょて","のにっ","こかま","たなで","るう","んく","き、す"
"10020","はしが","とょて","のにっ","こかま","たなで","うく","るん","き、す"
"10054","しが","とて","のにっ","こかま","たなで","はるう","ょんく","き、す"
"10071","こしが","とてま","のにっ","かき","たなで","はるう","ょんく","、す"
"10079","こしが","とてま","のにっ","はょか","たなで","るう","んく","き、す"
"10087","こしが","とてま","のにっ","はょか","たなで","うく","るん","き、す"
"10093","こしが","とてま","のにっ","はかす","たなで","るう","ょんく","き、"
"10094","しす","とてま","のにっ","こかが","たなで","はるう","ょんく","き、"
"10101","こしが","とてま","のにっ","はかす","たなで","ょうく","るん","き、"
"10116","しが","とてま","のにっ","こか","たなで","はるう","ょんく","き、す"
"10147","こしが","とてま","のにっ","かき","たで","はるう","ょんく","な、す"
"10168","しが","とょて","のにっ","こかま","たなで","はるう","んく","き、す"
"10195","こしす","とょて","のにっ","はかが","たなで","くうま","るん","き、"
"10203","こしが","とてで","のにっ","はかま","たなす","るう","ょんく","き、"
"10205","こしす","とてま","のにが","かき","たなで","はるう","ょんく","、っ"
"10211","こしが","とてで","のにっ","はかま","たなす","ょうく","るん","き、"
"10228","はしが","とてで","のにっ","こかま","たなす","るう","ょんく","き、"
"10233","はしが","とてま","のにっ","かき","こたで","るう","ょんく","な、す"
"10236","はしが","とてで","のにっ","こかま","たなす","ょうく","るん","き、"
"10241","はしが","とてま","のにっ","かき","こたで","ょうく","るん","な、す"
"10245","はしす","とてが","のにっ","こかま","たなで","るう","ょんく","き、"
"10246","こしが","とょて","のにっ","はか","たなで","くうま","るん","き、す"
"10248","こし","とょて","のにっ","はかが","たなで","くうま","るん","き、す"
"10253","はしす","とてが","のにっ","こかま","たなで","ょうく","るん","き、"
"10257","はしが","とてま","のにっ","こかょ","たなで","るう","んく","き、す"
"10259","こしが","とてで","のにっ","かきま","たは","るう","ょんく","な、す"
"10260","はしす","とょて","のにが","こかま","たなで","るうく","んっ","き、"
"10265","はしが","とてま","のにっ","こかょ","たなで","うく","るん","き、す"
"10267","こしが","とてで","のにっ","かきま","たは","ょうく","るん","な、す"
"10270","はしす","とょて","のにっ","こかが","たなで","くうま","るん","き、"
"10278","こしす","とてが","のにっ","はかま","たなで","るう","ょんく","き、"
"10279","こしが","とき","のにっ","はかま","たてで","るう","ょんく","な、す"
"10284","はしが","とてま","のにっ","こかす","たなで","るう","ょんく","き、"
"10286","こしす","とてが","のにっ","はかま","たなで","ょうく","るん","き、"
"10287","こしが","とき","のにっ","はかま","たてで","ょうく","るん","な、す"
"10292","はしが","とてま","のにっ","こかす","たなで","ょうく","るん","き、"
"10293","こしす","とょて","のにが","はかま","たなで","るうく","んっ","き、"
"10304","はしが","とき","のにっ","こかま","たてで","るう","ょんく","な、す"
"10312","はしが","とき","のにっ","こかま","たてで","ょうく","るん","な、す"
"10331","こし","とてが","のにっ","はかま","たなで","るう","ょんく","き、す"
"10339","こし","とてが","のにっ","はかま","たなで","ょうく","るん","き、す"
"10346","こし","とょて","のにが","はかま","たなで","るうく","んっ","き、す"
"10349","こしが","とま","のにっ","かき","たてで","はるう","ょんく","な、す"
"10351","はしが","とてま","のにっ","こかで","たなす","るう","ょんく","き、"
"10352","こしす","とょて","のにっ","はかが","たなで","るう","くんま","き、"
"10359","はしが","とてま","のにっ","こかで","たなす","ょうく","るん","き、"
"10359","はし","とてが","のにっ","こかま","たなで","るう","ょんく","き、す"
"10359","こしす","とてま","のにっ","はかが","たなで","きう","ょんく","る、"
"10360","こしす","とてま","のにっ","かが","たなで","はるう","ょんく","き、"
"10367","はし","とてが","のにっ","こかま","たなで","ょうく","るん","き、す"
"10368","こしが","とてで","のにっ","かきま","たはす","るう","ょんく","な、"
"10372","こしが","とてで","のにっ","かき","たょは","くうま","るん","な、す"
"10374","はし","とょて","のにが","こかま","たなで","るうく","んっ","き、す"
"10376","こしが","とてで","のにっ","かきま","たはす","ょうく","るん","な、"
"10376","はしが","とょて","のにっ","こか","たなで","くうま","るん","き、す"
"10381","こしが","とて","のにっ","はょか","たなで","くうま","るん","き、す"
"10382","こしす","とてま","のにっ","はかが","たなで","るうく","ょん","き、"
"10384","はし","とょて","のにっ","こかが","たなで","くうま","るん","き、す"
"10384","こしが","とてま","のにっ","かきす","たなで","はう","ょんく","る、"
"10384","しが","とてで","のにっ","こかま","たなす","はるう","ょんく","き、"
"10385","こしす","とてま","のにが","はょか","たなで","るうく","んっ","き、"
"10385","こしす","とま","のにっ","はかが","たなで","るてう","ょんく","き、"
"10388","きしす","とてま","のにっ","こかが","たなで","はう","ょんく","る、"
"10389","しが","とてま","のにっ","かき","こたで","はるう","ょんく","な、す"
"10393","こしす","とてま","のにが","はか","たなで","るう","ょんく","き、っ"
"10394","こしが","とてで","のにっ","かき","たはす","るう","ょんく","な、ま"
"10396","こしが","とてで","のにっ","かきま","たょは","るう","んく","な、す"
"10397","こしが","とて","のにっ","かきま","たなで","はるう","ょんく","、す"
"10401","こしす","とてま","のにが","はか","たなで","ょうく","るん","き、っ"
"10402","こしが","とてで","のにっ","かき","たはす","ょうく","るん","な、ま"
"10402","こしす","とてま","のが","かき","たなで","はるう","ょんく","、にっ"
"10403","こしが","とょて","のにっ","はか","たなで","るう","くんま","き、す"
"10403","はしす","とて","のにが","こかま","たなで","るう","ょんく","き、っ"
"10404","こしが","とてで","のにっ","かきま","たょは","うく","るん","な、す"
"10405","こし","とょて","のにっ","はかが","たなで","るう","くんま","き、す"
"10411","はしす","とて","のにが","こかま","たなで","ょうく","るん","き、っ"
"10413","しが","とてま","のにっ","こかょ","たなで","はるう","んく","き、す"
"10413","こし","とてま","のにっ","かが","たなで","はるう","ょんく","き、す"
"10415","こしが","とてで","のにっ","はかま","たな","るう","ょんく","き、す"
"10423","こしが","とてで","のにっ","はかま","たな","ょうく","るん","き、す"
"10424","こしが","とてで","のにっ","かき","たはす","くうま","るん","なょ、"
"10427","はしす","とょて","のにっ","こかが","たなで","るう","くんま","き、"
"9643","はしす","とょて","のにが","こかき","たなで","くうま","んっ","る、"
"9643","はしす","とょて","のにが","こかき","たなで","くうま","んっ","る、"
"9770","はしが","とょて","のにっ","こかき","たなで","くうま","るん","、す"
"9770","はしが","とょて","のにっ","こかき","たなで","くうま","るん","、す"
"9811","しが","とてで","のにっ","こかき","はたょ","くうま","るん","な、す"
"9811","しが","とてで","のにっ","こかき","はたょ","くうま","るん","な、す"
"9846","はしす","とょて","のにが","こかき","たなで","くうま","るん","、っ"
"9846","はしす","とょて","のにが","こかき","たなで","くうま","るん","、っ"
"9846","はしが","とょて","のにっ","こかき","たで","くうま","るん","な、す"
"9846","はしが","とょて","のにっ","こかき","たで","くうま","るん","な、す"
"9861","はしす","とてま","のにが","こかき","たで","るうく","んっ","ょ、な"
"9861","はしす","とてま","のにが","こかき","たで","るうく","んっ","ょ、な"
"9863","しが","とてで","のにっ","こかき","はたす","くうま","るん","ょ、な"
"9863","しが","とてで","のにっ","こかき","はたす","くうま","るん","ょ、な"
"9867","しす","とてま","のが","こかき","たなで","はるう","ょんく","、にっ"
"9867","しす","とてま","のが","こかき","たなで","はるう","ょんく","、にっ"
"9927","はしが","とょて","のにっ","こかき","たなで","るう","くんま","、す"
"9927","はしが","とょて","のにっ","こかき","たなで","るう","くんま","、す"
"9968","しが","とてで","のにっ","こかき","はたょ","るう","くんま","な、す"
"9968","しが","とてで","のにっ","こかき","はたょ","るう","くんま","な、す"
"9990","はしす","とょて","のにが","こかき","たなで","るうく","んっ","、ま"
"9990","はしす","とょて","のにが","こかき","たなで","るうく","んっ","、ま"
"10003","はしす","とょて","のにが","こかき","たなで","るう","くんま","、っ"
"10003","はしす","とょて","のにが","こかき","たなで","るう","くんま","、っ"
"10003","はしが","とょて","のにっ","こかき","たで","るう","くんま","な、す"
"10003","はしが","とょて","のにっ","こかき","たで","るう","くんま","な、す"
"10011","はしす","とょて","のにが","こかき","たなで","うっ","くんま","る、"
"10011","はしす","とょて","のにが","こかき","たなで","うっ","くんま","る、"
"10019","はしす","とてま","のにが","こかき","たなで","るうく","んっ","ょ、"
"10019","はしす","とてま","のにが","こかき","たなで","るうく","んっ","ょ、"
"10020","しが","とてで","のにっ","こかき","はたす","るう","くんま","ょ、な"
"10020","しが","とてで","のにっ","こかき","はたす","るう","くんま","ょ、な"
"10043","はしす","とょて","のが","こかき","たなで","くうま","るん","、にっ"
"10043","はしす","とょて","のが","こかき","たなで","くうま","るん","、にっ"
"10063","はしす","とま","のにが","こかき","たてで","るうく","んっ","ょ、な"
"10063","はしす","とま","のにが","こかき","たてで","るうく","んっ","ょ、な"
"10083","しが","とょて","のにっ","こかき","たなで","はるう","くんま","、す"
"10083","しが","とょて","のにっ","こかき","たなで","はるう","くんま","、す"
"10102","はしが","とょて","のにっ","こかき","たなで","くうま","んす","る、"
"10102","はしが","とょて","のにっ","こかき","たなで","くうま","んす","る、"
"10104","はしす","とょて","のにが","こかき","たなで","るう","んっ","く、ま"
"10104","はしす","とょて","のにが","こかき","たなで","るう","んっ","く、ま"
"10124","はしす","とてで","のにが","こかき","たょな","くうま","んっ","る、"
"10124","はしす","とてで","のにが","こかき","たょな","くうま","んっ","る、"
"10129","はしが","とょて","のにっ","こかき","たなで","るうく","んま","、す"
"10129","はしが","とてま","ょのに","こかき","たなで","るうく","んっ","、す"
"10129","はしが","とょて","のにっ","こかき","たなで","るうく","んま","、す"
"10129","はしが","とてま","ょのに","こかき","たなで","るうく","んっ","、す"
"10159","しが","とょて","のにっ","こかき","たで","はるう","くんま","な、す"
"10159","しが","とょて","のにっ","こかき","たで","はるう","くんま","な、す"
"10170","しが","とてで","のにっ","こかき","はたょ","るうく","んま","な、す"
"10170","しが","とてで","のにっ","こかき","はたょ","るうく","んま","な、す"
"10172","こきし","とま","のにっ","はかが","たてで","るう","ょんく","な、す"
"10172","こきし","とま","のにっ","はかが","たてで","るう","ょんく","な、す"
"10182","しが","とょて","のにっ","こはか","たなで","くうま","るん","き、す"
"10182","しが","とょて","のにっ","こはか","たなで","くうま","るん","き、す"
"10200","はしす","とょて","のが","こかき","たなで","るう","くんま","、にっ"
"10200","はしす","とょて","のが","こかき","たなで","るう","くんま","、にっ"
"10205","はしす","とょて","のにが","こかき","たなで","るうく","んま","、っ"
"10205","はしす","とょて","のにが","こかき","たなで","るうく","んま","、っ"
"10205","はしが","とょて","のにっ","こかき","たで","るうく","んま","な、す"
"10205","はしが","とてま","ょのに","こかき","たで","るうく","んっ","な、す"
"10205","はしが","とょて","のにっ","こかき","たで","るうく","んま","な、す"
"10205","はしが","とてま","ょのに","こかき","たで","るうく","んっ","な、す"
"10206","はしす","とてま","のが","こかき","たにで","るうく","んっ","ょ、な"
"10206","はしす","とてま","のが","こかき","たにで","るうく","んっ","ょ、な"
"10222","しが","とてで","のにっ","こかき","はたす","るうく","んま","ょ、な"
"10222","しが","とてで","のにっ","こかき","はたす","るうく","んま","ょ、な"
"10233","はしす","とま","のが","こかき","たなで","るてう","ょんく","、にっ"
"10233","はしす","とま","のが","こかき","たなで","るてう","ょんく","、にっ"
"10243","しす","とょて","のにが","こかき","たなで","はるう","くんま","、っ"
"10243","しす","とょて","のにが","こかき","たなで","はるう","くんま","、っ"
"10247","はしす","とょて","のにが","こかき","たで","るうく","んっ","な、ま"
"10247","はしす","とょて","のにが","こかき","たで","るうく","んっ","な、ま"
"10247","しが","とてま","のす","こかき","たなで","はるう","ょんく","、にっ"
"10247","しが","とてま","のす","こかき","たなで","はるう","ょんく","、にっ"
"10248","こし","とょて","のにっ","はかが","たなで","くうま","るん","き、す"
"10248","こし","とょて","のにっ","はかが","たなで","くうま","るん","き、す"
"10251","はしが","とてで","のにっ","こかき","たょな","くうま","るん","、す"
"10251","はしが","とてで","のにっ","こかき","たょな","くうま","るん","、す"
"10271","こし","とょて","のにが","はかま","たなで","るうく","んっ","き、す"
"10271","こし","とょて","のにが","はかま","たなで","るうく","んっ","き、す"
"10275","はしす","とてま","のにが","こかき","たで","うっ","るんく","ょ、な"
"10275","はしす","とてま","のにが","こかき","たで","うっ","るんく","ょ、な"
"10279","はしが","とま","のにっ","こかて","たなで","るう","ょんく","き、す"
"10279","はしが","とま","のにっ","こかて","たなで","るう","ょんく","き、す"
"10287","はしが","とてま","のにっ","こかき","たなで","るうく","ょん","、す"
"10287","はしが","とてま","のにっ","こかき","たなで","るうく","ょん","、す"
"10288","はるし","とょて","のにが","こかき","たなで","くうま","んっ","、す"
"10288","はるし","とょて","のにが","こかき","たなで","くうま","んっ","、す"
"10296","しす","とてで","のにが","こかき","はたょ","るうく","んっ","な、ま"
"10296","しす","とてで","のにが","こかき","はたょ","るうく","んっ","な、ま"
"10299","はしす","とょて","のが","こかき","たなで","くうま","んっ","る、に"
"10299","はしす","とょて","のが","こかき","たなで","くうま","んっ","る、に"
"10310","こきし","とょて","のにっ","はかが","たなで","くうま","るん","、す"
"10310","こきし","とょて","のにっ","はかが","たなで","くうま","るん","、す"
"10315","はしす","とょて","のにが","こかき","たなで","うっ","るん","く、ま"
"10315","はしす","とょて","のにが","こかき","たなで","うっ","るん","く、ま"
"10320","はしが","とてま","のにっ","こかき","たで","るうく","んす","ょ、な"
"10320","はしが","とてま","のにっ","こかき","たで","るうく","んす","ょ、な"
